Links,Page,DocumentID,LinkType,Domain,valid_domain,valid_tld,http_request,http_code,mime_type,whois_info
https://www.cisa.gov/tlp/,0,CSA_BLACKTECH_HIDE_IN_ROUTERS_TLP-CLEAR.PDF,hyperlink,cisa.gov,True,True,True,200,text/html; charset=UTF-8,"({'domain_name': 'cisa.gov', 'registrar': 'Cybersecurity and Infrastructure Security Agency', 'whois_server': 'whois.cloudflareregistry.com', 'referral_url': None, 'updated_date': datetime.datetime(2024, 1, 8, 2, 53, 56), 'creation_date': datetime.datetime(2018, 12, 6, 15, 30, 8), 'expiration_date': datetime.datetime(2024, 12, 6, 15, 30, 8), 'name_servers': ['a1-91.akam.net', 'a16-67.akam.net', 'a22-66.akam.net', 'a7-64.akam.net', 'a8-65.akam.net', 'a9-66.akam.net'], 'status': 'serverTransferProhibited https://icann.org/epp#serverTransferProhibited', 'emails': None, 'dnssec': 'signedDelegation', 'name': 'REDACTED FOR PRIVACY', 'org': 'REDACTED FOR PRIVACY', 'address': 'REDACTED FOR PRIVACY', 'city': 'REDACTED FOR PRIVACY', 'state': 'REDACTED FOR PRIVACY', 'registrant_postal_code': 'REDACTED FOR PRIVACY', 'country': 'REDACTED FOR PRIVACY'}, True)"
https://www.cisa.gov/news-events/cybersecurity-advisories/aa22-158a,0,CSA_BLACKTECH_HIDE_IN_ROUTERS_TLP-CLEAR.PDF,hyperlink,cisa.gov,True,True,True,200,text/html; charset=UTF-8,"({'domain_name': 'cisa.gov', 'registrar': 'Cybersecurity and Infrastructure Security Agency', 'whois_server': 'whois.cloudflareregistry.com', 'referral_url': None, 'updated_date': datetime.datetime(2024, 1, 8, 2, 53, 56), 'creation_date': datetime.datetime(2018, 12, 6, 15, 30, 8), 'expiration_date': datetime.datetime(2024, 12, 6, 15, 30, 8), 'name_servers': ['a1-91.akam.net', 'a16-67.akam.net', 'a22-66.akam.net', 'a7-64.akam.net', 'a8-65.akam.net', 'a9-66.akam.net'], 'status': 'serverTransferProhibited https://icann.org/epp#serverTransferProhibited', 'emails': None, 'dnssec': 'signedDelegation', 'name': 'REDACTED FOR PRIVACY', 'org': 'REDACTED FOR PRIVACY', 'address': 'REDACTED FOR PRIVACY', 'city': 'REDACTED FOR PRIVACY', 'state': 'REDACTED FOR PRIVACY', 'registrant_postal_code': 'REDACTED FOR PRIVACY', 'country': 'REDACTED FOR PRIVACY'}, True)"
https://attack.mitre.org/versions/v13/matrices/enterprise,1,CSA_BLACKTECH_HIDE_IN_ROUTERS_TLP-CLEAR.PDF,hyperlink,mitre.org,True,True,True,200,text/html; charset=utf-8,"({'domain_name': 'mitre.org', 'registrar': 'Network Solutions, LLC', 'whois_server': 'whois.networksolutions.com', 'referral_url': None, 'updated_date': datetime.datetime(2023, 9, 26, 18, 1, 11), 'creation_date': datetime.datetime(1985, 7, 10, 4, 0), 'expiration_date': datetime.datetime(2024, 7, 9, 4, 0), 'name_servers': ['dns-ext-bedford.mitre.org', 'dns-ext-mclean.mitre.org'], 'status': 'clientTransferProhibited https://icann.org/epp#clientTransferProhibited', 'emails': 'domain.operations@web.com', 'dnssec': 'signedDelegation', 'name': 'REDACTED FOR PRIVACY', 'org': 'The MITRE Corporation', 'address': 'REDACTED FOR PRIVACY', 'city': 'REDACTED FOR PRIVACY', 'state': 'MA', 'registrant_postal_code': 'REDACTED FOR PRIVACY', 'country': 'US'}, True)"
https://attack.mitre.org/versions/v13/techniques/T1562/,1,CSA_BLACKTECH_HIDE_IN_ROUTERS_TLP-CLEAR.PDF,hyperlink,mitre.org,True,True,True,200,text/html; charset=utf-8,"({'domain_name': 'mitre.org', 'registrar': 'Network Solutions, LLC', 'whois_server': 'whois.networksolutions.com', 'referral_url': None, 'updated_date': datetime.datetime(2023, 9, 26, 18, 1, 11), 'creation_date': datetime.datetime(1985, 7, 10, 4, 0), 'expiration_date': datetime.datetime(2024, 7, 9, 4, 0), 'name_servers': ['dns-ext-bedford.mitre.org', 'dns-ext-mclean.mitre.org'], 'status': 'clientTransferProhibited https://icann.org/epp#clientTransferProhibited', 'emails': 'domain.operations@web.com', 'dnssec': 'signedDelegation', 'name': 'REDACTED FOR PRIVACY', 'org': 'The MITRE Corporation', 'address': 'REDACTED FOR PRIVACY', 'city': 'REDACTED FOR PRIVACY', 'state': 'MA', 'registrant_postal_code': 'REDACTED FOR PRIVACY', 'country': 'US'}, True)"
https://attack.mitre.org/versions/v13/techniques/T1199/,1,CSA_BLACKTECH_HIDE_IN_ROUTERS_TLP-CLEAR.PDF,hyperlink,mitre.org,True,True,True,200,text/html; charset=utf-8,"({'domain_name': 'mitre.org', 'registrar': 'Network Solutions, LLC', 'whois_server': 'whois.networksolutions.com', 'referral_url': None, 'updated_date': datetime.datetime(2023, 9, 26, 18, 1, 11), 'creation_date': datetime.datetime(1985, 7, 10, 4, 0), 'expiration_date': datetime.datetime(2024, 7, 9, 4, 0), 'name_servers': ['dns-ext-bedford.mitre.org', 'dns-ext-mclean.mitre.org'], 'status': 'clientTransferProhibited https://icann.org/epp#clientTransferProhibited', 'emails': 'domain.operations@web.com', 'dnssec': 'signedDelegation', 'name': 'REDACTED FOR PRIVACY', 'org': 'The MITRE Corporation', 'address': 'REDACTED FOR PRIVACY', 'city': 'REDACTED FOR PRIVACY', 'state': 'MA', 'registrant_postal_code': 'REDACTED FOR PRIVACY', 'country': 'US'}, True)"
https://attack.mitre.org/versions/v13/software/S0574/,1,CSA_BLACKTECH_HIDE_IN_ROUTERS_TLP-CLEAR.PDF,hyperlink,mitre.org,True,True,True,200,text/html; charset=utf-8,"({'domain_name': 'mitre.org', 'registrar': 'Network Solutions, LLC', 'whois_server': 'whois.networksolutions.com', 'referral_url': None, 'updated_date': datetime.datetime(2023, 9, 26, 18, 1, 11), 'creation_date': datetime.datetime(1985, 7, 10, 4, 0), 'expiration_date': datetime.datetime(2024, 7, 9, 4, 0), 'name_servers': ['dns-ext-bedford.mitre.org', 'dns-ext-mclean.mitre.org'], 'status': 'clientTransferProhibited https://icann.org/epp#clientTransferProhibited', 'emails': 'domain.operations@web.com', 'dnssec': 'signedDelegation', 'name': 'REDACTED FOR PRIVACY', 'org': 'The MITRE Corporation', 'address': 'REDACTED FOR PRIVACY', 'city': 'REDACTED FOR PRIVACY', 'state': 'MA', 'registrant_postal_code': 'REDACTED FOR PRIVACY', 'country': 'US'}, True)"
https://attack.mitre.org/versions/v13/software/S0436/,1,CSA_BLACKTECH_HIDE_IN_ROUTERS_TLP-CLEAR.PDF,hyperlink,mitre.org,True,True,True,200,text/html; charset=utf-8,"({'domain_name': 'mitre.org', 'registrar': 'Network Solutions, LLC', 'whois_server': 'whois.networksolutions.com', 'referral_url': None, 'updated_date': datetime.datetime(2023, 9, 26, 18, 1, 11), 'creation_date': datetime.datetime(1985, 7, 10, 4, 0), 'expiration_date': datetime.datetime(2024, 7, 9, 4, 0), 'name_servers': ['dns-ext-bedford.mitre.org', 'dns-ext-mclean.mitre.org'], 'status': 'clientTransferProhibited https://icann.org/epp#clientTransferProhibited', 'emails': 'domain.operations@web.com', 'dnssec': 'signedDelegation', 'name': 'REDACTED FOR PRIVACY', 'org': 'The MITRE Corporation', 'address': 'REDACTED FOR PRIVACY', 'city': 'REDACTED FOR PRIVACY', 'state': 'MA', 'registrant_postal_code': 'REDACTED FOR PRIVACY', 'country': 'US'}, True)"
https://attack.mitre.org/versions/v13/software/S0696/,1,CSA_BLACKTECH_HIDE_IN_ROUTERS_TLP-CLEAR.PDF,hyperlink,mitre.org,True,True,True,200,text/html; charset=utf-8,"({'domain_name': 'mitre.org', 'registrar': 'Network Solutions, LLC', 'whois_server': 'whois.networksolutions.com', 'referral_url': None, 'updated_date': datetime.datetime(2023, 9, 26, 18, 1, 11), 'creation_date': datetime.datetime(1985, 7, 10, 4, 0), 'expiration_date': datetime.datetime(2024, 7, 9, 4, 0), 'name_servers': ['dns-ext-bedford.mitre.org', 'dns-ext-mclean.mitre.org'], 'status': 'clientTransferProhibited https://icann.org/epp#clientTransferProhibited', 'emails': 'domain.operations@web.com', 'dnssec': 'signedDelegation', 'name': 'REDACTED FOR PRIVACY', 'org': 'The MITRE Corporation', 'address': 'REDACTED FOR PRIVACY', 'city': 'REDACTED FOR PRIVACY', 'state': 'MA', 'registrant_postal_code': 'REDACTED FOR PRIVACY', 'country': 'US'}, True)"
https://attack.mitre.org/versions/v13/software/S0435/,1,CSA_BLACKTECH_HIDE_IN_ROUTERS_TLP-CLEAR.PDF,hyperlink,mitre.org,True,True,True,200,text/html; charset=utf-8,"({'domain_name': 'mitre.org', 'registrar': 'Network Solutions, LLC', 'whois_server': 'whois.networksolutions.com', 'referral_url': None, 'updated_date': datetime.datetime(2023, 9, 26, 18, 1, 11), 'creation_date': datetime.datetime(1985, 7, 10, 4, 0), 'expiration_date': datetime.datetime(2024, 7, 9, 4, 0), 'name_servers': ['dns-ext-bedford.mitre.org', 'dns-ext-mclean.mitre.org'], 'status': 'clientTransferProhibited https://icann.org/epp#clientTransferProhibited', 'emails': 'domain.operations@web.com', 'dnssec': 'signedDelegation', 'name': 'REDACTED FOR PRIVACY', 'org': 'The MITRE Corporation', 'address': 'REDACTED FOR PRIVACY', 'city': 'REDACTED FOR PRIVACY', 'state': 'MA', 'registrant_postal_code': 'REDACTED FOR PRIVACY', 'country': 'US'}, True)"
https://attack.mitre.org/versions/v13/software/S0579/,1,CSA_BLACKTECH_HIDE_IN_ROUTERS_TLP-CLEAR.PDF,hyperlink,mitre.org,True,True,True,200,text/html; charset=utf-8,"({'domain_name': 'mitre.org', 'registrar': 'Network Solutions, LLC', 'whois_server': 'whois.networksolutions.com', 'referral_url': None, 'updated_date': datetime.datetime(2023, 9, 26, 18, 1, 11), 'creation_date': datetime.datetime(1985, 7, 10, 4, 0), 'expiration_date': datetime.datetime(2024, 7, 9, 4, 0), 'name_servers': ['dns-ext-bedford.mitre.org', 'dns-ext-mclean.mitre.org'], 'status': 'clientTransferProhibited https://icann.org/epp#clientTransferProhibited', 'emails': 'domain.operations@web.com', 'dnssec': 'signedDelegation', 'name': 'REDACTED FOR PRIVACY', 'org': 'The MITRE Corporation', 'address': 'REDACTED FOR PRIVACY', 'city': 'REDACTED FOR PRIVACY', 'state': 'MA', 'registrant_postal_code': 'REDACTED FOR PRIVACY', 'country': 'US'}, True)"
https://attack.mitre.org/versions/v13/tactics/TA0005/,1,CSA_BLACKTECH_HIDE_IN_ROUTERS_TLP-CLEAR.PDF,hyperlink,mitre.org,True,True,True,200,text/html; charset=utf-8,"({'domain_name': 'mitre.org', 'registrar': 'Network Solutions, LLC', 'whois_server': 'whois.networksolutions.com', 'referral_url': None, 'updated_date': datetime.datetime(2023, 9, 26, 18, 1, 11), 'creation_date': datetime.datetime(1985, 7, 10, 4, 0), 'expiration_date': datetime.datetime(2024, 7, 9, 4, 0), 'name_servers': ['dns-ext-bedford.mitre.org', 'dns-ext-mclean.mitre.org'], 'status': 'clientTransferProhibited https://icann.org/epp#clientTransferProhibited', 'emails': 'domain.operations@web.com', 'dnssec': 'signedDelegation', 'name': 'REDACTED FOR PRIVACY', 'org': 'The MITRE Corporation', 'address': 'REDACTED FOR PRIVACY', 'city': 'REDACTED FOR PRIVACY', 'state': 'MA', 'registrant_postal_code': 'REDACTED FOR PRIVACY', 'country': 'US'}, True)"
https://attack.mitre.org/versions/v13/techniques/T1588/003/,1,CSA_BLACKTECH_HIDE_IN_ROUTERS_TLP-CLEAR.PDF,hyperlink,mitre.org,True,True,True,200,text/html; charset=utf-8,"({'domain_name': 'mitre.org', 'registrar': 'Network Solutions, LLC', 'whois_server': 'whois.networksolutions.com', 'referral_url': None, 'updated_date': datetime.datetime(2023, 9, 26, 18, 1, 11), 'creation_date': datetime.datetime(1985, 7, 10, 4, 0), 'expiration_date': datetime.datetime(2024, 7, 9, 4, 0), 'name_servers': ['dns-ext-bedford.mitre.org', 'dns-ext-mclean.mitre.org'], 'status': 'clientTransferProhibited https://icann.org/epp#clientTransferProhibited', 'emails': 'domain.operations@web.com', 'dnssec': 'signedDelegation', 'name': 'REDACTED FOR PRIVACY', 'org': 'The MITRE Corporation', 'address': 'REDACTED FOR PRIVACY', 'city': 'REDACTED FOR PRIVACY', 'state': 'MA', 'registrant_postal_code': 'REDACTED FOR PRIVACY', 'country': 'US'}, True)"
https://attack.mitre.org/versions/v13/techniques/T1553/002/,2,CSA_BLACKTECH_HIDE_IN_ROUTERS_TLP-CLEAR.PDF,hyperlink,mitre.org,True,True,True,200,text/html; charset=utf-8,"({'domain_name': 'mitre.org', 'registrar': 'Network Solutions, LLC', 'whois_server': 'whois.networksolutions.com', 'referral_url': None, 'updated_date': datetime.datetime(2023, 9, 26, 18, 1, 11), 'creation_date': datetime.datetime(1985, 7, 10, 4, 0), 'expiration_date': datetime.datetime(2024, 7, 9, 4, 0), 'name_servers': ['dns-ext-bedford.mitre.org', 'dns-ext-mclean.mitre.org'], 'status': 'clientTransferProhibited https://icann.org/epp#clientTransferProhibited', 'emails': 'domain.operations@web.com', 'dnssec': 'signedDelegation', 'name': 'REDACTED FOR PRIVACY', 'org': 'The MITRE Corporation', 'address': 'REDACTED FOR PRIVACY', 'city': 'REDACTED FOR PRIVACY', 'state': 'MA', 'registrant_postal_code': 'REDACTED FOR PRIVACY', 'country': 'US'}, True)"
https://attack.mitre.org/versions/v13/techniques/T1112/,2,CSA_BLACKTECH_HIDE_IN_ROUTERS_TLP-CLEAR.PDF,hyperlink,mitre.org,True,True,True,200,text/html; charset=utf-8,"({'domain_name': 'mitre.org', 'registrar': 'Network Solutions, LLC', 'whois_server': 'whois.networksolutions.com', 'referral_url': None, 'updated_date': datetime.datetime(2023, 9, 26, 18, 1, 11), 'creation_date': datetime.datetime(1985, 7, 10, 4, 0), 'expiration_date': datetime.datetime(2024, 7, 9, 4, 0), 'name_servers': ['dns-ext-bedford.mitre.org', 'dns-ext-mclean.mitre.org'], 'status': 'clientTransferProhibited https://icann.org/epp#clientTransferProhibited', 'emails': 'domain.operations@web.com', 'dnssec': 'signedDelegation', 'name': 'REDACTED FOR PRIVACY', 'org': 'The MITRE Corporation', 'address': 'REDACTED FOR PRIVACY', 'city': 'REDACTED FOR PRIVACY', 'state': 'MA', 'registrant_postal_code': 'REDACTED FOR PRIVACY', 'country': 'US'}, True)"
https://attack.mitre.org/versions/v13/techniques/T1021/001/,2,CSA_BLACKTECH_HIDE_IN_ROUTERS_TLP-CLEAR.PDF,hyperlink,mitre.org,True,True,True,200,text/html; charset=utf-8,"({'domain_name': 'mitre.org', 'registrar': 'Network Solutions, LLC', 'whois_server': 'whois.networksolutions.com', 'referral_url': None, 'updated_date': datetime.datetime(2023, 9, 26, 18, 1, 11), 'creation_date': datetime.datetime(1985, 7, 10, 4, 0), 'expiration_date': datetime.datetime(2024, 7, 9, 4, 0), 'name_servers': ['dns-ext-bedford.mitre.org', 'dns-ext-mclean.mitre.org'], 'status': 'clientTransferProhibited https://icann.org/epp#clientTransferProhibited', 'emails': 'domain.operations@web.com', 'dnssec': 'signedDelegation', 'name': 'REDACTED FOR PRIVACY', 'org': 'The MITRE Corporation', 'address': 'REDACTED FOR PRIVACY', 'city': 'REDACTED FOR PRIVACY', 'state': 'MA', 'registrant_postal_code': 'REDACTED FOR PRIVACY', 'country': 'US'}, True)"
https://attack.mitre.org/versions/v13/techniques/T1021/004/,2,CSA_BLACKTECH_HIDE_IN_ROUTERS_TLP-CLEAR.PDF,hyperlink,mitre.org,True,True,True,200,text/html; charset=utf-8,"({'domain_name': 'mitre.org', 'registrar': 'Network Solutions, LLC', 'whois_server': 'whois.networksolutions.com', 'referral_url': None, 'updated_date': datetime.datetime(2023, 9, 26, 18, 1, 11), 'creation_date': datetime.datetime(1985, 7, 10, 4, 0), 'expiration_date': datetime.datetime(2024, 7, 9, 4, 0), 'name_servers': ['dns-ext-bedford.mitre.org', 'dns-ext-mclean.mitre.org'], 'status': 'clientTransferProhibited https://icann.org/epp#clientTransferProhibited', 'emails': 'domain.operations@web.com', 'dnssec': 'signedDelegation', 'name': 'REDACTED FOR PRIVACY', 'org': 'The MITRE Corporation', 'address': 'REDACTED FOR PRIVACY', 'city': 'REDACTED FOR PRIVACY', 'state': 'MA', 'registrant_postal_code': 'REDACTED FOR PRIVACY', 'country': 'US'}, True)"
https://attack.mitre.org/versions/v13/tactics/TA0007/,2,CSA_BLACKTECH_HIDE_IN_ROUTERS_TLP-CLEAR.PDF,hyperlink,mitre.org,True,True,True,200,text/html; charset=utf-8,"({'domain_name': 'mitre.org', 'registrar': 'Network Solutions, LLC', 'whois_server': 'whois.networksolutions.com', 'referral_url': None, 'updated_date': datetime.datetime(2023, 9, 26, 18, 1, 11), 'creation_date': datetime.datetime(1985, 7, 10, 4, 0), 'expiration_date': datetime.datetime(2024, 7, 9, 4, 0), 'name_servers': ['dns-ext-bedford.mitre.org', 'dns-ext-mclean.mitre.org'], 'status': 'clientTransferProhibited https://icann.org/epp#clientTransferProhibited', 'emails': 'domain.operations@web.com', 'dnssec': 'signedDelegation', 'name': 'REDACTED FOR PRIVACY', 'org': 'The MITRE Corporation', 'address': 'REDACTED FOR PRIVACY', 'city': 'REDACTED FOR PRIVACY', 'state': 'MA', 'registrant_postal_code': 'REDACTED FOR PRIVACY', 'country': 'US'}, True)"
https://attack.mitre.org/versions/v13/techniques/T1071/002/,2,CSA_BLACKTECH_HIDE_IN_ROUTERS_TLP-CLEAR.PDF,hyperlink,mitre.org,True,True,True,200,text/html; charset=utf-8,"({'domain_name': 'mitre.org', 'registrar': 'Network Solutions, LLC', 'whois_server': 'whois.networksolutions.com', 'referral_url': None, 'updated_date': datetime.datetime(2023, 9, 26, 18, 1, 11), 'creation_date': datetime.datetime(1985, 7, 10, 4, 0), 'expiration_date': datetime.datetime(2024, 7, 9, 4, 0), 'name_servers': ['dns-ext-bedford.mitre.org', 'dns-ext-mclean.mitre.org'], 'status': 'clientTransferProhibited https://icann.org/epp#clientTransferProhibited', 'emails': 'domain.operations@web.com', 'dnssec': 'signedDelegation', 'name': 'REDACTED FOR PRIVACY', 'org': 'The MITRE Corporation', 'address': 'REDACTED FOR PRIVACY', 'city': 'REDACTED FOR PRIVACY', 'state': 'MA', 'registrant_postal_code': 'REDACTED FOR PRIVACY', 'country': 'US'}, True)"
https://www.cisa.gov/news-events/cybersecurity-advisories/aa23-144a,2,CSA_BLACKTECH_HIDE_IN_ROUTERS_TLP-CLEAR.PDF,hyperlink,cisa.gov,True,True,True,200,text/html; charset=UTF-8,"({'domain_name': 'cisa.gov', 'registrar': 'Cybersecurity and Infrastructure Security Agency', 'whois_server': 'whois.cloudflareregistry.com', 'referral_url': None, 'updated_date': datetime.datetime(2024, 1, 8, 2, 53, 56), 'creation_date': datetime.datetime(2018, 12, 6, 15, 30, 8), 'expiration_date': datetime.datetime(2024, 12, 6, 15, 30, 8), 'name_servers': ['a1-91.akam.net', 'a16-67.akam.net', 'a22-66.akam.net', 'a7-64.akam.net', 'a8-65.akam.net', 'a9-66.akam.net'], 'status': 'serverTransferProhibited https://icann.org/epp#serverTransferProhibited', 'emails': None, 'dnssec': 'signedDelegation', 'name': 'REDACTED FOR PRIVACY', 'org': 'REDACTED FOR PRIVACY', 'address': 'REDACTED FOR PRIVACY', 'city': 'REDACTED FOR PRIVACY', 'state': 'REDACTED FOR PRIVACY', 'registrant_postal_code': 'REDACTED FOR PRIVACY', 'country': 'REDACTED FOR PRIVACY'}, True)"
https://attack.mitre.org/versions/v13/tactics/TA0001/,2,CSA_BLACKTECH_HIDE_IN_ROUTERS_TLP-CLEAR.PDF,hyperlink,mitre.org,True,True,True,200,text/html; charset=utf-8,"({'domain_name': 'mitre.org', 'registrar': 'Network Solutions, LLC', 'whois_server': 'whois.networksolutions.com', 'referral_url': None, 'updated_date': datetime.datetime(2023, 9, 26, 18, 1, 11), 'creation_date': datetime.datetime(1985, 7, 10, 4, 0), 'expiration_date': datetime.datetime(2024, 7, 9, 4, 0), 'name_servers': ['dns-ext-bedford.mitre.org', 'dns-ext-mclean.mitre.org'], 'status': 'clientTransferProhibited https://icann.org/epp#clientTransferProhibited', 'emails': 'domain.operations@web.com', 'dnssec': 'signedDelegation', 'name': 'REDACTED FOR PRIVACY', 'org': 'The MITRE Corporation', 'address': 'REDACTED FOR PRIVACY', 'city': 'REDACTED FOR PRIVACY', 'state': 'MA', 'registrant_postal_code': 'REDACTED FOR PRIVACY', 'country': 'US'}, True)"
https://attack.mitre.org/versions/v13/techniques/T1199/,2,CSA_BLACKTECH_HIDE_IN_ROUTERS_TLP-CLEAR.PDF,hyperlink,mitre.org,True,True,True,200,text/html; charset=utf-8,"({'domain_name': 'mitre.org', 'registrar': 'Network Solutions, LLC', 'whois_server': 'whois.networksolutions.com', 'referral_url': None, 'updated_date': datetime.datetime(2023, 9, 26, 18, 1, 11), 'creation_date': datetime.datetime(1985, 7, 10, 4, 0), 'expiration_date': datetime.datetime(2024, 7, 9, 4, 0), 'name_servers': ['dns-ext-bedford.mitre.org', 'dns-ext-mclean.mitre.org'], 'status': 'clientTransferProhibited https://icann.org/epp#clientTransferProhibited', 'emails': 'domain.operations@web.com', 'dnssec': 'signedDelegation', 'name': 'REDACTED FOR PRIVACY', 'org': 'The MITRE Corporation', 'address': 'REDACTED FOR PRIVACY', 'city': 'REDACTED FOR PRIVACY', 'state': 'MA', 'registrant_postal_code': 'REDACTED FOR PRIVACY', 'country': 'US'}, True)"
https://attack.mitre.org/versions/v13/tactics/TA0011/,2,CSA_BLACKTECH_HIDE_IN_ROUTERS_TLP-CLEAR.PDF,hyperlink,mitre.org,True,True,True,200,text/html; charset=utf-8,"({'domain_name': 'mitre.org', 'registrar': 'Network Solutions, LLC', 'whois_server': 'whois.networksolutions.com', 'referral_url': None, 'updated_date': datetime.datetime(2023, 9, 26, 18, 1, 11), 'creation_date': datetime.datetime(1985, 7, 10, 4, 0), 'expiration_date': datetime.datetime(2024, 7, 9, 4, 0), 'name_servers': ['dns-ext-bedford.mitre.org', 'dns-ext-mclean.mitre.org'], 'status': 'clientTransferProhibited https://icann.org/epp#clientTransferProhibited', 'emails': 'domain.operations@web.com', 'dnssec': 'signedDelegation', 'name': 'REDACTED FOR PRIVACY', 'org': 'The MITRE Corporation', 'address': 'REDACTED FOR PRIVACY', 'city': 'REDACTED FOR PRIVACY', 'state': 'MA', 'registrant_postal_code': 'REDACTED FOR PRIVACY', 'country': 'US'}, True)"
https://attack.mitre.org/versions/v13/techniques/T1090/002/,2,CSA_BLACKTECH_HIDE_IN_ROUTERS_TLP-CLEAR.PDF,hyperlink,mitre.org,True,True,True,200,text/html; charset=utf-8,"({'domain_name': 'mitre.org', 'registrar': 'Network Solutions, LLC', 'whois_server': 'whois.networksolutions.com', 'referral_url': None, 'updated_date': datetime.datetime(2023, 9, 26, 18, 1, 11), 'creation_date': datetime.datetime(1985, 7, 10, 4, 0), 'expiration_date': datetime.datetime(2024, 7, 9, 4, 0), 'name_servers': ['dns-ext-bedford.mitre.org', 'dns-ext-mclean.mitre.org'], 'status': 'clientTransferProhibited https://icann.org/epp#clientTransferProhibited', 'emails': 'domain.operations@web.com', 'dnssec': 'signedDelegation', 'name': 'REDACTED FOR PRIVACY', 'org': 'The MITRE Corporation', 'address': 'REDACTED FOR PRIVACY', 'city': 'REDACTED FOR PRIVACY', 'state': 'MA', 'registrant_postal_code': 'REDACTED FOR PRIVACY', 'country': 'US'}, True)"
https://attack.mitre.org/versions/v13/techniques/T1542/004/,3,CSA_BLACKTECH_HIDE_IN_ROUTERS_TLP-CLEAR.PDF,hyperlink,mitre.org,True,True,True,200,text/html; charset=utf-8,"({'domain_name': 'mitre.org', 'registrar': 'Network Solutions, LLC', 'whois_server': 'whois.networksolutions.com', 'referral_url': None, 'updated_date': datetime.datetime(2023, 9, 26, 18, 1, 11), 'creation_date': datetime.datetime(1985, 7, 10, 4, 0), 'expiration_date': datetime.datetime(2024, 7, 9, 4, 0), 'name_servers': ['dns-ext-bedford.mitre.org', 'dns-ext-mclean.mitre.org'], 'status': 'clientTransferProhibited https://icann.org/epp#clientTransferProhibited', 'emails': 'domain.operations@web.com', 'dnssec': 'signedDelegation', 'name': 'REDACTED FOR PRIVACY', 'org': 'The MITRE Corporation', 'address': 'REDACTED FOR PRIVACY', 'city': 'REDACTED FOR PRIVACY', 'state': 'MA', 'registrant_postal_code': 'REDACTED FOR PRIVACY', 'country': 'US'}, True)"
https://attack.mitre.org/versions/v13/techniques/T1205/,3,CSA_BLACKTECH_HIDE_IN_ROUTERS_TLP-CLEAR.PDF,hyperlink,mitre.org,True,True,True,200,text/html; charset=utf-8,"({'domain_name': 'mitre.org', 'registrar': 'Network Solutions, LLC', 'whois_server': 'whois.networksolutions.com', 'referral_url': None, 'updated_date': datetime.datetime(2023, 9, 26, 18, 1, 11), 'creation_date': datetime.datetime(1985, 7, 10, 4, 0), 'expiration_date': datetime.datetime(2024, 7, 9, 4, 0), 'name_servers': ['dns-ext-bedford.mitre.org', 'dns-ext-mclean.mitre.org'], 'status': 'clientTransferProhibited https://icann.org/epp#clientTransferProhibited', 'emails': 'domain.operations@web.com', 'dnssec': 'signedDelegation', 'name': 'REDACTED FOR PRIVACY', 'org': 'The MITRE Corporation', 'address': 'REDACTED FOR PRIVACY', 'city': 'REDACTED FOR PRIVACY', 'state': 'MA', 'registrant_postal_code': 'REDACTED FOR PRIVACY', 'country': 'US'}, True)"
https://attack.mitre.org/versions/v13/tactics/TA0004/,3,CSA_BLACKTECH_HIDE_IN_ROUTERS_TLP-CLEAR.PDF,hyperlink,mitre.org,True,True,True,200,text/html; charset=utf-8,"({'domain_name': 'mitre.org', 'registrar': 'Network Solutions, LLC', 'whois_server': 'whois.networksolutions.com', 'referral_url': None, 'updated_date': datetime.datetime(2023, 9, 26, 18, 1, 11), 'creation_date': datetime.datetime(1985, 7, 10, 4, 0), 'expiration_date': datetime.datetime(2024, 7, 9, 4, 0), 'name_servers': ['dns-ext-bedford.mitre.org', 'dns-ext-mclean.mitre.org'], 'status': 'clientTransferProhibited https://icann.org/epp#clientTransferProhibited', 'emails': 'domain.operations@web.com', 'dnssec': 'signedDelegation', 'name': 'REDACTED FOR PRIVACY', 'org': 'The MITRE Corporation', 'address': 'REDACTED FOR PRIVACY', 'city': 'REDACTED FOR PRIVACY', 'state': 'MA', 'registrant_postal_code': 'REDACTED FOR PRIVACY', 'country': 'US'}, True)"
https://attack.mitre.org/versions/v13/tactics/TA0003/,3,CSA_BLACKTECH_HIDE_IN_ROUTERS_TLP-CLEAR.PDF,hyperlink,mitre.org,True,True,True,200,text/html; charset=utf-8,"({'domain_name': 'mitre.org', 'registrar': 'Network Solutions, LLC', 'whois_server': 'whois.networksolutions.com', 'referral_url': None, 'updated_date': datetime.datetime(2023, 9, 26, 18, 1, 11), 'creation_date': datetime.datetime(1985, 7, 10, 4, 0), 'expiration_date': datetime.datetime(2024, 7, 9, 4, 0), 'name_servers': ['dns-ext-bedford.mitre.org', 'dns-ext-mclean.mitre.org'], 'status': 'clientTransferProhibited https://icann.org/epp#clientTransferProhibited', 'emails': 'domain.operations@web.com', 'dnssec': 'signedDelegation', 'name': 'REDACTED FOR PRIVACY', 'org': 'The MITRE Corporation', 'address': 'REDACTED FOR PRIVACY', 'city': 'REDACTED FOR PRIVACY', 'state': 'MA', 'registrant_postal_code': 'REDACTED FOR PRIVACY', 'country': 'US'}, True)"
https://attack.mitre.org/versions/v13/techniques/T1556/004/,3,CSA_BLACKTECH_HIDE_IN_ROUTERS_TLP-CLEAR.PDF,hyperlink,mitre.org,True,True,True,200,text/html; charset=utf-8,"({'domain_name': 'mitre.org', 'registrar': 'Network Solutions, LLC', 'whois_server': 'whois.networksolutions.com', 'referral_url': None, 'updated_date': datetime.datetime(2023, 9, 26, 18, 1, 11), 'creation_date': datetime.datetime(1985, 7, 10, 4, 0), 'expiration_date': datetime.datetime(2024, 7, 9, 4, 0), 'name_servers': ['dns-ext-bedford.mitre.org', 'dns-ext-mclean.mitre.org'], 'status': 'clientTransferProhibited https://icann.org/epp#clientTransferProhibited', 'emails': 'domain.operations@web.com', 'dnssec': 'signedDelegation', 'name': 'REDACTED FOR PRIVACY', 'org': 'The MITRE Corporation', 'address': 'REDACTED FOR PRIVACY', 'city': 'REDACTED FOR PRIVACY', 'state': 'MA', 'registrant_postal_code': 'REDACTED FOR PRIVACY', 'country': 'US'}, True)"
https://attack.mitre.org/versions/v13/techniques/T1562/003/,3,CSA_BLACKTECH_HIDE_IN_ROUTERS_TLP-CLEAR.PDF,hyperlink,mitre.org,True,True,True,200,text/html; charset=utf-8,"({'domain_name': 'mitre.org', 'registrar': 'Network Solutions, LLC', 'whois_server': 'whois.networksolutions.com', 'referral_url': None, 'updated_date': datetime.datetime(2023, 9, 26, 18, 1, 11), 'creation_date': datetime.datetime(1985, 7, 10, 4, 0), 'expiration_date': datetime.datetime(2024, 7, 9, 4, 0), 'name_servers': ['dns-ext-bedford.mitre.org', 'dns-ext-mclean.mitre.org'], 'status': 'clientTransferProhibited https://icann.org/epp#clientTransferProhibited', 'emails': 'domain.operations@web.com', 'dnssec': 'signedDelegation', 'name': 'REDACTED FOR PRIVACY', 'org': 'The MITRE Corporation', 'address': 'REDACTED FOR PRIVACY', 'city': 'REDACTED FOR PRIVACY', 'state': 'MA', 'registrant_postal_code': 'REDACTED FOR PRIVACY', 'country': 'US'}, True)"
https://attack.mitre.org/versions/v13/techniques/T1601/002/,3,CSA_BLACKTECH_HIDE_IN_ROUTERS_TLP-CLEAR.PDF,hyperlink,mitre.org,True,True,True,200,text/html; charset=utf-8,"({'domain_name': 'mitre.org', 'registrar': 'Network Solutions, LLC', 'whois_server': 'whois.networksolutions.com', 'referral_url': None, 'updated_date': datetime.datetime(2023, 9, 26, 18, 1, 11), 'creation_date': datetime.datetime(1985, 7, 10, 4, 0), 'expiration_date': datetime.datetime(2024, 7, 9, 4, 0), 'name_servers': ['dns-ext-bedford.mitre.org', 'dns-ext-mclean.mitre.org'], 'status': 'clientTransferProhibited https://icann.org/epp#clientTransferProhibited', 'emails': 'domain.operations@web.com', 'dnssec': 'signedDelegation', 'name': 'REDACTED FOR PRIVACY', 'org': 'The MITRE Corporation', 'address': 'REDACTED FOR PRIVACY', 'city': 'REDACTED FOR PRIVACY', 'state': 'MA', 'registrant_postal_code': 'REDACTED FOR PRIVACY', 'country': 'US'}, True)"
https://attack.mitre.org/versions/v13/techniques/T1601/001/,3,CSA_BLACKTECH_HIDE_IN_ROUTERS_TLP-CLEAR.PDF,hyperlink,mitre.org,True,True,True,200,text/html; charset=utf-8,"({'domain_name': 'mitre.org', 'registrar': 'Network Solutions, LLC', 'whois_server': 'whois.networksolutions.com', 'referral_url': None, 'updated_date': datetime.datetime(2023, 9, 26, 18, 1, 11), 'creation_date': datetime.datetime(1985, 7, 10, 4, 0), 'expiration_date': datetime.datetime(2024, 7, 9, 4, 0), 'name_servers': ['dns-ext-bedford.mitre.org', 'dns-ext-mclean.mitre.org'], 'status': 'clientTransferProhibited https://icann.org/epp#clientTransferProhibited', 'emails': 'domain.operations@web.com', 'dnssec': 'signedDelegation', 'name': 'REDACTED FOR PRIVACY', 'org': 'The MITRE Corporation', 'address': 'REDACTED FOR PRIVACY', 'city': 'REDACTED FOR PRIVACY', 'state': 'MA', 'registrant_postal_code': 'REDACTED FOR PRIVACY', 'country': 'US'}, True)"
https://attack.mitre.org/versions/v13/techniques/T1553/006/,3,CSA_BLACKTECH_HIDE_IN_ROUTERS_TLP-CLEAR.PDF,hyperlink,mitre.org,True,True,True,200,text/html; charset=utf-8,"({'domain_name': 'mitre.org', 'registrar': 'Network Solutions, LLC', 'whois_server': 'whois.networksolutions.com', 'referral_url': None, 'updated_date': datetime.datetime(2023, 9, 26, 18, 1, 11), 'creation_date': datetime.datetime(1985, 7, 10, 4, 0), 'expiration_date': datetime.datetime(2024, 7, 9, 4, 0), 'name_servers': ['dns-ext-bedford.mitre.org', 'dns-ext-mclean.mitre.org'], 'status': 'clientTransferProhibited https://icann.org/epp#clientTransferProhibited', 'emails': 'domain.operations@web.com', 'dnssec': 'signedDelegation', 'name': 'REDACTED FOR PRIVACY', 'org': 'The MITRE Corporation', 'address': 'REDACTED FOR PRIVACY', 'city': 'REDACTED FOR PRIVACY', 'state': 'MA', 'registrant_postal_code': 'REDACTED FOR PRIVACY', 'country': 'US'}, True)"
https://attack.mitre.org/versions/v13/techniques/T1562/006/,3,CSA_BLACKTECH_HIDE_IN_ROUTERS_TLP-CLEAR.PDF,hyperlink,mitre.org,True,True,True,200,text/html; charset=utf-8,"({'domain_name': 'mitre.org', 'registrar': 'Network Solutions, LLC', 'whois_server': 'whois.networksolutions.com', 'referral_url': None, 'updated_date': datetime.datetime(2023, 9, 26, 18, 1, 11), 'creation_date': datetime.datetime(1985, 7, 10, 4, 0), 'expiration_date': datetime.datetime(2024, 7, 9, 4, 0), 'name_servers': ['dns-ext-bedford.mitre.org', 'dns-ext-mclean.mitre.org'], 'status': 'clientTransferProhibited https://icann.org/epp#clientTransferProhibited', 'emails': 'domain.operations@web.com', 'dnssec': 'signedDelegation', 'name': 'REDACTED FOR PRIVACY', 'org': 'The MITRE Corporation', 'address': 'REDACTED FOR PRIVACY', 'city': 'REDACTED FOR PRIVACY', 'state': 'MA', 'registrant_postal_code': 'REDACTED FOR PRIVACY', 'country': 'US'}, True)"
https://attack.mitre.org/versions/v13/techniques/T1562/001/,3,CSA_BLACKTECH_HIDE_IN_ROUTERS_TLP-CLEAR.PDF,hyperlink,mitre.org,True,True,True,200,text/html; charset=utf-8,"({'domain_name': 'mitre.org', 'registrar': 'Network Solutions, LLC', 'whois_server': 'whois.networksolutions.com', 'referral_url': None, 'updated_date': datetime.datetime(2023, 9, 26, 18, 1, 11), 'creation_date': datetime.datetime(1985, 7, 10, 4, 0), 'expiration_date': datetime.datetime(2024, 7, 9, 4, 0), 'name_servers': ['dns-ext-bedford.mitre.org', 'dns-ext-mclean.mitre.org'], 'status': 'clientTransferProhibited https://icann.org/epp#clientTransferProhibited', 'emails': 'domain.operations@web.com', 'dnssec': 'signedDelegation', 'name': 'REDACTED FOR PRIVACY', 'org': 'The MITRE Corporation', 'address': 'REDACTED FOR PRIVACY', 'city': 'REDACTED FOR PRIVACY', 'state': 'MA', 'registrant_postal_code': 'REDACTED FOR PRIVACY', 'country': 'US'}, True)"
https://media.defense.gov/2022/Jun/07/2003013376/-1/-1/0/CSA_PRC_SPONSORED_CYBER_ACTORS_EXPLOIT_NETWORK_PROVIDERS_DEVICES_TLPWHITE.PDF,8,CSA_BLACKTECH_HIDE_IN_ROUTERS_TLP-CLEAR.PDF,textlink,defense.gov,True,True,True,200,application/pdf,"({'domain_name': 'defense.gov', 'registrar': 'Cybersecurity and Infrastructure Security Agency', 'whois_server': 'whois.cloudflareregistry.com', 'referral_url': None, 'updated_date': datetime.datetime(2024, 1, 8, 2, 57, 49), 'creation_date': datetime.datetime(2002, 10, 3, 20, 29, 58), 'expiration_date': datetime.datetime(2025, 9, 30, 4, 0), 'name_servers': ['asia2.akam.net', 'asia3.akam.net', 'eur6.akam.net', 'ns1-116.akam.net', 'ns1-95.akam.net', 'usc5.akam.net', 'use2.akam.net', 'use9.akam.net'], 'status': 'serverTransferProhibited https://icann.org/epp#serverTransferProhibited', 'emails': None, 'dnssec': 'signedDelegation', 'name': 'REDACTED FOR PRIVACY', 'org': 'REDACTED FOR PRIVACY', 'address': 'REDACTED FOR PRIVACY', 'city': 'REDACTED FOR PRIVACY', 'state': 'REDACTED FOR PRIVACY', 'registrant_postal_code': 'REDACTED FOR PRIVACY', 'country': 'REDACTED FOR PRIVACY'}, True)"
https://media.defense.gov/2022/Jun/15/2003018261/-1/-1/0/CTR_NSA_NETWORK_INFRASTRUCTURE_SECURITY_GUIDE_20220615.PDF,8,CSA_BLACKTECH_HIDE_IN_ROUTERS_TLP-CLEAR.PDF,textlink,defense.gov,True,True,True,200,application/pdf,"({'domain_name': 'defense.gov', 'registrar': 'Cybersecurity and Infrastructure Security Agency', 'whois_server': 'whois.cloudflareregistry.com', 'referral_url': None, 'updated_date': datetime.datetime(2024, 1, 8, 2, 57, 49), 'creation_date': datetime.datetime(2002, 10, 3, 20, 29, 58), 'expiration_date': datetime.datetime(2025, 9, 30, 4, 0), 'name_servers': ['asia2.akam.net', 'asia3.akam.net', 'eur6.akam.net', 'ns1-116.akam.net', 'ns1-95.akam.net', 'usc5.akam.net', 'use2.akam.net', 'use9.akam.net'], 'status': 'serverTransferProhibited https://icann.org/epp#serverTransferProhibited', 'emails': None, 'dnssec': 'signedDelegation', 'name': 'REDACTED FOR PRIVACY', 'org': 'REDACTED FOR PRIVACY', 'address': 'REDACTED FOR PRIVACY', 'city': 'REDACTED FOR PRIVACY', 'state': 'REDACTED FOR PRIVACY', 'registrant_postal_code': 'REDACTED FOR PRIVACY', 'country': 'REDACTED FOR PRIVACY'}, True)"
https://media.defense.gov/2023/May/24/2003229517/-1/-1/0/CSA_PRC_State_Sponsored_Cyber_Living_off_the_Land_v1.1.PDF,8,CSA_BLACKTECH_HIDE_IN_ROUTERS_TLP-CLEAR.PDF,textlink,defense.gov,True,True,True,200,application/pdf,"({'domain_name': 'defense.gov', 'registrar': 'Cybersecurity and Infrastructure Security Agency', 'whois_server': 'whois.cloudflareregistry.com', 'referral_url': None, 'updated_date': datetime.datetime(2024, 1, 8, 2, 57, 49), 'creation_date': datetime.datetime(2002, 10, 3, 20, 29, 58), 'expiration_date': datetime.datetime(2025, 9, 30, 4, 0), 'name_servers': ['asia2.akam.net', 'asia3.akam.net', 'eur6.akam.net', 'ns1-116.akam.net', 'ns1-95.akam.net', 'usc5.akam.net', 'use2.akam.net', 'use9.akam.net'], 'status': 'serverTransferProhibited https://icann.org/epp#serverTransferProhibited', 'emails': None, 'dnssec': 'signedDelegation', 'name': 'REDACTED FOR PRIVACY', 'org': 'REDACTED FOR PRIVACY', 'address': 'REDACTED FOR PRIVACY', 'city': 'REDACTED FOR PRIVACY', 'state': 'REDACTED FOR PRIVACY', 'registrant_postal_code': 'REDACTED FOR PRIVACY', 'country': 'REDACTED FOR PRIVACY'}, True)"
https://media.defense.gov/2020/Sep/17/2002499616/-1/-1/0/PERFORMING_OUT_OF_BAND_NETWORK_MANAGEMENT20200911.PDF,8,CSA_BLACKTECH_HIDE_IN_ROUTERS_TLP-CLEAR.PDF,textlink,defense.gov,True,True,True,200,application/pdf,"({'domain_name': 'defense.gov', 'registrar': 'Cybersecurity and Infrastructure Security Agency', 'whois_server': 'whois.cloudflareregistry.com', 'referral_url': None, 'updated_date': datetime.datetime(2024, 1, 8, 2, 57, 49), 'creation_date': datetime.datetime(2002, 10, 3, 20, 29, 58), 'expiration_date': datetime.datetime(2025, 9, 30, 4, 0), 'name_servers': ['asia2.akam.net', 'asia3.akam.net', 'eur6.akam.net', 'ns1-116.akam.net', 'ns1-95.akam.net', 'usc5.akam.net', 'use2.akam.net', 'use9.akam.net'], 'status': 'serverTransferProhibited https://icann.org/epp#serverTransferProhibited', 'emails': None, 'dnssec': 'signedDelegation', 'name': 'REDACTED FOR PRIVACY', 'org': 'REDACTED FOR PRIVACY', 'address': 'REDACTED FOR PRIVACY', 'city': 'REDACTED FOR PRIVACY', 'state': 'REDACTED FOR PRIVACY', 'registrant_postal_code': 'REDACTED FOR PRIVACY', 'country': 'REDACTED FOR PRIVACY'}, True)"
https://community.cisco.com/t5/security-blogs/attackers-continue-to-target-legacy-devices/ba-p/4169954,8,CSA_BLACKTECH_HIDE_IN_ROUTERS_TLP-CLEAR.PDF,textlink,cisco.com,True,True,True,200,text/html;charset=UTF-8,"({'domain_name': ['CISCO.COM', 'cisco.com'], 'registrar': 'MarkMonitor, Inc.', 'whois_server': 'whois.markmonitor.com', 'referral_url': None, 'updated_date': datetime.datetime(2023, 4, 13, 9, 48, 9), 'creation_date': datetime.datetime(1987, 5, 14, 4, 0), 'expiration_date': [datetime.datetime(2024, 5, 15, 4, 0), datetime.datetime(2024, 5, 15, 0, 0)], 'name_servers': ['NS1.CISCO.COM', 'NS2.CISCO.COM', 'NS3.CISCO.COM', 'ns3.cisco.com', 'ns2.cisco.com', 'ns1.cisco.com'], 'status': ['clientDeleteProhibited https://icann.org/epp#clientDeleteProhibited', 'clientTransferProhibited https://icann.org/epp#clientTransferProhibited', 'clientUpdateProhibited https://icann.org/epp#clientUpdateProhibited', 'serverDeleteProhibited https://icann.org/epp#serverDeleteProhibited', 'serverTransferProhibited https://icann.org/epp#serverTransferProhibited', 'serverUpdateProhibited https://icann.org/epp#serverUpdateProhibited', 'clientUpdateProhibited (https://www.icann.org/epp#clientUpdateProhibited)', 'clientTransferProhibited (https://www.icann.org/epp#clientTransferProhibited)', 'clientDeleteProhibited (https://www.icann.org/epp#clientDeleteProhibited)', 'serverUpdateProhibited (https://www.icann.org/epp#serverUpdateProhibited)', 'serverTransferProhibited (https://www.icann.org/epp#serverTransferProhibited)', 'serverDeleteProhibited (https://www.icann.org/epp#serverDeleteProhibited)'], 'emails': ['abusecomplaints@markmonitor.com', 'infosec@cisco.com', 'whoisrequest@markmonitor.com'], 'dnssec': 'unsigned', 'name': 'Domain Administrator', 'org': 'Cisco Technology Inc.', 'address': '170 W. Tasman Dr.', 'city': 'San Jose', 'state': 'CA', 'registrant_postal_code': '95134', 'country': 'US'}, True)"
mailto:CybersecurityReports@nsa.gov,8,CSA_BLACKTECH_HIDE_IN_ROUTERS_TLP-CLEAR.PDF,hyperlink,nsa.gov,True,True,False,,,"({'domain_name': 'nsa.gov', 'registrar': 'Cybersecurity and Infrastructure Security Agency', 'whois_server': 'whois.cloudflareregistry.com', 'referral_url': None, 'updated_date': datetime.datetime(2024, 1, 8, 3, 17, 13), 'creation_date': datetime.datetime(1997, 10, 2, 1, 29, 27), 'expiration_date': datetime.datetime(2025, 9, 30, 4, 0), 'name_servers': ['a1-107.akam.net', 'a11-66.akam.net', 'a12-67.akam.net', 'a2-64.akam.net', 'a24-65.akam.net', 'a5-66.akam.net'], 'status': 'serverTransferProhibited https://icann.org/epp#serverTransferProhibited', 'emails': None, 'dnssec': 'signedDelegation', 'name': 'REDACTED FOR PRIVACY', 'org': 'REDACTED FOR PRIVACY', 'address': 'REDACTED FOR PRIVACY', 'city': 'REDACTED FOR PRIVACY', 'state': 'REDACTED FOR PRIVACY', 'registrant_postal_code': 'REDACTED FOR PRIVACY', 'country': 'REDACTED FOR PRIVACY'}, True)"
mailto:DIB_Defense@cyber.nsa.gov,8,CSA_BLACKTECH_HIDE_IN_ROUTERS_TLP-CLEAR.PDF,hyperlink,nsa.gov,True,True,False,,,"({'domain_name': 'nsa.gov', 'registrar': 'Cybersecurity and Infrastructure Security Agency', 'whois_server': 'whois.cloudflareregistry.com', 'referral_url': None, 'updated_date': datetime.datetime(2024, 1, 8, 3, 17, 13), 'creation_date': datetime.datetime(1997, 10, 2, 1, 29, 27), 'expiration_date': datetime.datetime(2025, 9, 30, 4, 0), 'name_servers': ['a1-107.akam.net', 'a11-66.akam.net', 'a12-67.akam.net', 'a2-64.akam.net', 'a24-65.akam.net', 'a5-66.akam.net'], 'status': 'serverTransferProhibited https://icann.org/epp#serverTransferProhibited', 'emails': None, 'dnssec': 'signedDelegation', 'name': 'REDACTED FOR PRIVACY', 'org': 'REDACTED FOR PRIVACY', 'address': 'REDACTED FOR PRIVACY', 'city': 'REDACTED FOR PRIVACY', 'state': 'REDACTED FOR PRIVACY', 'registrant_postal_code': 'REDACTED FOR PRIVACY', 'country': 'REDACTED FOR PRIVACY'}, True)"
mailto:MediaRelations@nsa.gov,8,CSA_BLACKTECH_HIDE_IN_ROUTERS_TLP-CLEAR.PDF,hyperlink,nsa.gov,True,True,False,,,"({'domain_name': 'nsa.gov', 'registrar': 'Cybersecurity and Infrastructure Security Agency', 'whois_server': 'whois.cloudflareregistry.com', 'referral_url': None, 'updated_date': datetime.datetime(2024, 1, 8, 3, 17, 13), 'creation_date': datetime.datetime(1997, 10, 2, 1, 29, 27), 'expiration_date': datetime.datetime(2025, 9, 30, 4, 0), 'name_servers': ['a1-107.akam.net', 'a11-66.akam.net', 'a12-67.akam.net', 'a2-64.akam.net', 'a24-65.akam.net', 'a5-66.akam.net'], 'status': 'serverTransferProhibited https://icann.org/epp#serverTransferProhibited', 'emails': None, 'dnssec': 'signedDelegation', 'name': 'REDACTED FOR PRIVACY', 'org': 'REDACTED FOR PRIVACY', 'address': 'REDACTED FOR PRIVACY', 'city': 'REDACTED FOR PRIVACY', 'state': 'REDACTED FOR PRIVACY', 'registrant_postal_code': 'REDACTED FOR PRIVACY', 'country': 'REDACTED FOR PRIVACY'}, True)"
mailto:Report@cisa.dhs.gov,8,CSA_BLACKTECH_HIDE_IN_ROUTERS_TLP-CLEAR.PDF,hyperlink,dhs.gov,True,True,False,,,"({'domain_name': 'dhs.gov', 'registrar': 'Cybersecurity and Infrastructure Security Agency', 'whois_server': 'whois.cloudflareregistry.com', 'referral_url': None, 'updated_date': datetime.datetime(2024, 1, 8, 2, 58, 10), 'creation_date': datetime.datetime(2002, 7, 1, 4, 0), 'expiration_date': datetime.datetime(2025, 9, 30, 4, 0), 'name_servers': ['a1-91.akam.net', 'a16-67.akam.net', 'a22-66.akam.net', 'a7-64.akam.net', 'a8-65.akam.net', 'a9-66.akam.net'], 'status': 'serverTransferProhibited https://icann.org/epp#serverTransferProhibited', 'emails': 'IS2OSecurity@hq.dhs.gov', 'dnssec': 'signedDelegation', 'name': 'REDACTED FOR PRIVACY', 'org': 'REDACTED FOR PRIVACY', 'address': 'REDACTED FOR PRIVACY', 'city': 'REDACTED FOR PRIVACY', 'state': 'REDACTED FOR PRIVACY', 'registrant_postal_code': 'REDACTED FOR PRIVACY', 'country': 'REDACTED FOR PRIVACY'}, True)"
https://www.cisa.gov/report,8,CSA_BLACKTECH_HIDE_IN_ROUTERS_TLP-CLEAR.PDF,hyperlink,cisa.gov,True,True,True,200,text/html; charset=UTF-8,"({'domain_name': 'cisa.gov', 'registrar': 'Cybersecurity and Infrastructure Security Agency', 'whois_server': 'whois.cloudflareregistry.com', 'referral_url': None, 'updated_date': datetime.datetime(2024, 1, 8, 2, 53, 56), 'creation_date': datetime.datetime(2018, 12, 6, 15, 30, 8), 'expiration_date': datetime.datetime(2024, 12, 6, 15, 30, 8), 'name_servers': ['a1-91.akam.net', 'a16-67.akam.net', 'a22-66.akam.net', 'a7-64.akam.net', 'a8-65.akam.net', 'a9-66.akam.net'], 'status': 'serverTransferProhibited https://icann.org/epp#serverTransferProhibited', 'emails': None, 'dnssec': 'signedDelegation', 'name': 'REDACTED FOR PRIVACY', 'org': 'REDACTED FOR PRIVACY', 'address': 'REDACTED FOR PRIVACY', 'city': 'REDACTED FOR PRIVACY', 'state': 'REDACTED FOR PRIVACY', 'registrant_postal_code': 'REDACTED FOR PRIVACY', 'country': 'REDACTED FOR PRIVACY'}, True)"
https://attack.mitre.org/versions/v13/techniques/T1588/003/,9,CSA_BLACKTECH_HIDE_IN_ROUTERS_TLP-CLEAR.PDF,hyperlink,mitre.org,True,True,True,200,text/html; charset=utf-8,"({'domain_name': 'mitre.org', 'registrar': 'Network Solutions, LLC', 'whois_server': 'whois.networksolutions.com', 'referral_url': None, 'updated_date': datetime.datetime(2023, 9, 26, 18, 1, 11), 'creation_date': datetime.datetime(1985, 7, 10, 4, 0), 'expiration_date': datetime.datetime(2024, 7, 9, 4, 0), 'name_servers': ['dns-ext-bedford.mitre.org', 'dns-ext-mclean.mitre.org'], 'status': 'clientTransferProhibited https://icann.org/epp#clientTransferProhibited', 'emails': 'domain.operations@web.com', 'dnssec': 'signedDelegation', 'name': 'REDACTED FOR PRIVACY', 'org': 'The MITRE Corporation', 'address': 'REDACTED FOR PRIVACY', 'city': 'REDACTED FOR PRIVACY', 'state': 'MA', 'registrant_postal_code': 'REDACTED FOR PRIVACY', 'country': 'US'}, True)"
https://attack.mitre.org/versions/v13/tactics/TA0001/,9,CSA_BLACKTECH_HIDE_IN_ROUTERS_TLP-CLEAR.PDF,hyperlink,mitre.org,True,True,True,200,text/html; charset=utf-8,"({'domain_name': 'mitre.org', 'registrar': 'Network Solutions, LLC', 'whois_server': 'whois.networksolutions.com', 'referral_url': None, 'updated_date': datetime.datetime(2023, 9, 26, 18, 1, 11), 'creation_date': datetime.datetime(1985, 7, 10, 4, 0), 'expiration_date': datetime.datetime(2024, 7, 9, 4, 0), 'name_servers': ['dns-ext-bedford.mitre.org', 'dns-ext-mclean.mitre.org'], 'status': 'clientTransferProhibited https://icann.org/epp#clientTransferProhibited', 'emails': 'domain.operations@web.com', 'dnssec': 'signedDelegation', 'name': 'REDACTED FOR PRIVACY', 'org': 'The MITRE Corporation', 'address': 'REDACTED FOR PRIVACY', 'city': 'REDACTED FOR PRIVACY', 'state': 'MA', 'registrant_postal_code': 'REDACTED FOR PRIVACY', 'country': 'US'}, True)"
https://attack.mitre.org/versions/v13/techniques/T1199/,9,CSA_BLACKTECH_HIDE_IN_ROUTERS_TLP-CLEAR.PDF,hyperlink,mitre.org,True,True,True,200,text/html; charset=utf-8,"({'domain_name': 'mitre.org', 'registrar': 'Network Solutions, LLC', 'whois_server': 'whois.networksolutions.com', 'referral_url': None, 'updated_date': datetime.datetime(2023, 9, 26, 18, 1, 11), 'creation_date': datetime.datetime(1985, 7, 10, 4, 0), 'expiration_date': datetime.datetime(2024, 7, 9, 4, 0), 'name_servers': ['dns-ext-bedford.mitre.org', 'dns-ext-mclean.mitre.org'], 'status': 'clientTransferProhibited https://icann.org/epp#clientTransferProhibited', 'emails': 'domain.operations@web.com', 'dnssec': 'signedDelegation', 'name': 'REDACTED FOR PRIVACY', 'org': 'The MITRE Corporation', 'address': 'REDACTED FOR PRIVACY', 'city': 'REDACTED FOR PRIVACY', 'state': 'MA', 'registrant_postal_code': 'REDACTED FOR PRIVACY', 'country': 'US'}, True)"
https://attack.mitre.org/versions/v13/tactics/TA0003/,9,CSA_BLACKTECH_HIDE_IN_ROUTERS_TLP-CLEAR.PDF,hyperlink,mitre.org,True,True,True,200,text/html; charset=utf-8,"({'domain_name': 'mitre.org', 'registrar': 'Network Solutions, LLC', 'whois_server': 'whois.networksolutions.com', 'referral_url': None, 'updated_date': datetime.datetime(2023, 9, 26, 18, 1, 11), 'creation_date': datetime.datetime(1985, 7, 10, 4, 0), 'expiration_date': datetime.datetime(2024, 7, 9, 4, 0), 'name_servers': ['dns-ext-bedford.mitre.org', 'dns-ext-mclean.mitre.org'], 'status': 'clientTransferProhibited https://icann.org/epp#clientTransferProhibited', 'emails': 'domain.operations@web.com', 'dnssec': 'signedDelegation', 'name': 'REDACTED FOR PRIVACY', 'org': 'The MITRE Corporation', 'address': 'REDACTED FOR PRIVACY', 'city': 'REDACTED FOR PRIVACY', 'state': 'MA', 'registrant_postal_code': 'REDACTED FOR PRIVACY', 'country': 'US'}, True)"
https://attack.mitre.org/versions/v13/techniques/T1205/,9,CSA_BLACKTECH_HIDE_IN_ROUTERS_TLP-CLEAR.PDF,hyperlink,mitre.org,True,True,True,200,text/html; charset=utf-8,"({'domain_name': 'mitre.org', 'registrar': 'Network Solutions, LLC', 'whois_server': 'whois.networksolutions.com', 'referral_url': None, 'updated_date': datetime.datetime(2023, 9, 26, 18, 1, 11), 'creation_date': datetime.datetime(1985, 7, 10, 4, 0), 'expiration_date': datetime.datetime(2024, 7, 9, 4, 0), 'name_servers': ['dns-ext-bedford.mitre.org', 'dns-ext-mclean.mitre.org'], 'status': 'clientTransferProhibited https://icann.org/epp#clientTransferProhibited', 'emails': 'domain.operations@web.com', 'dnssec': 'signedDelegation', 'name': 'REDACTED FOR PRIVACY', 'org': 'The MITRE Corporation', 'address': 'REDACTED FOR PRIVACY', 'city': 'REDACTED FOR PRIVACY', 'state': 'MA', 'registrant_postal_code': 'REDACTED FOR PRIVACY', 'country': 'US'}, True)"
https://attack.mitre.org/versions/v13/techniques/T1542/004/,9,CSA_BLACKTECH_HIDE_IN_ROUTERS_TLP-CLEAR.PDF,hyperlink,mitre.org,True,True,True,200,text/html; charset=utf-8,"({'domain_name': 'mitre.org', 'registrar': 'Network Solutions, LLC', 'whois_server': 'whois.networksolutions.com', 'referral_url': None, 'updated_date': datetime.datetime(2023, 9, 26, 18, 1, 11), 'creation_date': datetime.datetime(1985, 7, 10, 4, 0), 'expiration_date': datetime.datetime(2024, 7, 9, 4, 0), 'name_servers': ['dns-ext-bedford.mitre.org', 'dns-ext-mclean.mitre.org'], 'status': 'clientTransferProhibited https://icann.org/epp#clientTransferProhibited', 'emails': 'domain.operations@web.com', 'dnssec': 'signedDelegation', 'name': 'REDACTED FOR PRIVACY', 'org': 'The MITRE Corporation', 'address': 'REDACTED FOR PRIVACY', 'city': 'REDACTED FOR PRIVACY', 'state': 'MA', 'registrant_postal_code': 'REDACTED FOR PRIVACY', 'country': 'US'}, True)"
https://attack.mitre.org/versions/v13/tactics/TA0004/,10,CSA_BLACKTECH_HIDE_IN_ROUTERS_TLP-CLEAR.PDF,hyperlink,mitre.org,True,True,True,200,text/html; charset=utf-8,"({'domain_name': 'mitre.org', 'registrar': 'Network Solutions, LLC', 'whois_server': 'whois.networksolutions.com', 'referral_url': None, 'updated_date': datetime.datetime(2023, 9, 26, 18, 1, 11), 'creation_date': datetime.datetime(1985, 7, 10, 4, 0), 'expiration_date': datetime.datetime(2024, 7, 9, 4, 0), 'name_servers': ['dns-ext-bedford.mitre.org', 'dns-ext-mclean.mitre.org'], 'status': 'clientTransferProhibited https://icann.org/epp#clientTransferProhibited', 'emails': 'domain.operations@web.com', 'dnssec': 'signedDelegation', 'name': 'REDACTED FOR PRIVACY', 'org': 'The MITRE Corporation', 'address': 'REDACTED FOR PRIVACY', 'city': 'REDACTED FOR PRIVACY', 'state': 'MA', 'registrant_postal_code': 'REDACTED FOR PRIVACY', 'country': 'US'}, True)"
https://attack.mitre.org/versions/v13/tactics/TA0005/,10,CSA_BLACKTECH_HIDE_IN_ROUTERS_TLP-CLEAR.PDF,hyperlink,mitre.org,True,True,True,200,text/html; charset=utf-8,"({'domain_name': 'mitre.org', 'registrar': 'Network Solutions, LLC', 'whois_server': 'whois.networksolutions.com', 'referral_url': None, 'updated_date': datetime.datetime(2023, 9, 26, 18, 1, 11), 'creation_date': datetime.datetime(1985, 7, 10, 4, 0), 'expiration_date': datetime.datetime(2024, 7, 9, 4, 0), 'name_servers': ['dns-ext-bedford.mitre.org', 'dns-ext-mclean.mitre.org'], 'status': 'clientTransferProhibited https://icann.org/epp#clientTransferProhibited', 'emails': 'domain.operations@web.com', 'dnssec': 'signedDelegation', 'name': 'REDACTED FOR PRIVACY', 'org': 'The MITRE Corporation', 'address': 'REDACTED FOR PRIVACY', 'city': 'REDACTED FOR PRIVACY', 'state': 'MA', 'registrant_postal_code': 'REDACTED FOR PRIVACY', 'country': 'US'}, True)"
https://attack.mitre.org/versions/v13/techniques/T1112/,10,CSA_BLACKTECH_HIDE_IN_ROUTERS_TLP-CLEAR.PDF,hyperlink,mitre.org,True,True,True,200,text/html; charset=utf-8,"({'domain_name': 'mitre.org', 'registrar': 'Network Solutions, LLC', 'whois_server': 'whois.networksolutions.com', 'referral_url': None, 'updated_date': datetime.datetime(2023, 9, 26, 18, 1, 11), 'creation_date': datetime.datetime(1985, 7, 10, 4, 0), 'expiration_date': datetime.datetime(2024, 7, 9, 4, 0), 'name_servers': ['dns-ext-bedford.mitre.org', 'dns-ext-mclean.mitre.org'], 'status': 'clientTransferProhibited https://icann.org/epp#clientTransferProhibited', 'emails': 'domain.operations@web.com', 'dnssec': 'signedDelegation', 'name': 'REDACTED FOR PRIVACY', 'org': 'The MITRE Corporation', 'address': 'REDACTED FOR PRIVACY', 'city': 'REDACTED FOR PRIVACY', 'state': 'MA', 'registrant_postal_code': 'REDACTED FOR PRIVACY', 'country': 'US'}, True)"
https://attack.mitre.org/versions/v13/techniques/T1562/003/,10,CSA_BLACKTECH_HIDE_IN_ROUTERS_TLP-CLEAR.PDF,hyperlink,mitre.org,True,True,True,200,text/html; charset=utf-8,"({'domain_name': 'mitre.org', 'registrar': 'Network Solutions, LLC', 'whois_server': 'whois.networksolutions.com', 'referral_url': None, 'updated_date': datetime.datetime(2023, 9, 26, 18, 1, 11), 'creation_date': datetime.datetime(1985, 7, 10, 4, 0), 'expiration_date': datetime.datetime(2024, 7, 9, 4, 0), 'name_servers': ['dns-ext-bedford.mitre.org', 'dns-ext-mclean.mitre.org'], 'status': 'clientTransferProhibited https://icann.org/epp#clientTransferProhibited', 'emails': 'domain.operations@web.com', 'dnssec': 'signedDelegation', 'name': 'REDACTED FOR PRIVACY', 'org': 'The MITRE Corporation', 'address': 'REDACTED FOR PRIVACY', 'city': 'REDACTED FOR PRIVACY', 'state': 'MA', 'registrant_postal_code': 'REDACTED FOR PRIVACY', 'country': 'US'}, True)"
https://attack.mitre.org/versions/v13/techniques/T1601/001/,10,CSA_BLACKTECH_HIDE_IN_ROUTERS_TLP-CLEAR.PDF,hyperlink,mitre.org,True,True,True,200,text/html; charset=utf-8,"({'domain_name': 'mitre.org', 'registrar': 'Network Solutions, LLC', 'whois_server': 'whois.networksolutions.com', 'referral_url': None, 'updated_date': datetime.datetime(2023, 9, 26, 18, 1, 11), 'creation_date': datetime.datetime(1985, 7, 10, 4, 0), 'expiration_date': datetime.datetime(2024, 7, 9, 4, 0), 'name_servers': ['dns-ext-bedford.mitre.org', 'dns-ext-mclean.mitre.org'], 'status': 'clientTransferProhibited https://icann.org/epp#clientTransferProhibited', 'emails': 'domain.operations@web.com', 'dnssec': 'signedDelegation', 'name': 'REDACTED FOR PRIVACY', 'org': 'The MITRE Corporation', 'address': 'REDACTED FOR PRIVACY', 'city': 'REDACTED FOR PRIVACY', 'state': 'MA', 'registrant_postal_code': 'REDACTED FOR PRIVACY', 'country': 'US'}, True)"
https://attack.mitre.org/versions/v13/tactics/TA0007/,10,CSA_BLACKTECH_HIDE_IN_ROUTERS_TLP-CLEAR.PDF,hyperlink,mitre.org,True,True,True,200,text/html; charset=utf-8,"({'domain_name': 'mitre.org', 'registrar': 'Network Solutions, LLC', 'whois_server': 'whois.networksolutions.com', 'referral_url': None, 'updated_date': datetime.datetime(2023, 9, 26, 18, 1, 11), 'creation_date': datetime.datetime(1985, 7, 10, 4, 0), 'expiration_date': datetime.datetime(2024, 7, 9, 4, 0), 'name_servers': ['dns-ext-bedford.mitre.org', 'dns-ext-mclean.mitre.org'], 'status': 'clientTransferProhibited https://icann.org/epp#clientTransferProhibited', 'emails': 'domain.operations@web.com', 'dnssec': 'signedDelegation', 'name': 'REDACTED FOR PRIVACY', 'org': 'The MITRE Corporation', 'address': 'REDACTED FOR PRIVACY', 'city': 'REDACTED FOR PRIVACY', 'state': 'MA', 'registrant_postal_code': 'REDACTED FOR PRIVACY', 'country': 'US'}, True)"
https://attack.mitre.org/versions/v13/techniques/T1021/001/,10,CSA_BLACKTECH_HIDE_IN_ROUTERS_TLP-CLEAR.PDF,hyperlink,mitre.org,True,True,True,200,text/html; charset=utf-8,"({'domain_name': 'mitre.org', 'registrar': 'Network Solutions, LLC', 'whois_server': 'whois.networksolutions.com', 'referral_url': None, 'updated_date': datetime.datetime(2023, 9, 26, 18, 1, 11), 'creation_date': datetime.datetime(1985, 7, 10, 4, 0), 'expiration_date': datetime.datetime(2024, 7, 9, 4, 0), 'name_servers': ['dns-ext-bedford.mitre.org', 'dns-ext-mclean.mitre.org'], 'status': 'clientTransferProhibited https://icann.org/epp#clientTransferProhibited', 'emails': 'domain.operations@web.com', 'dnssec': 'signedDelegation', 'name': 'REDACTED FOR PRIVACY', 'org': 'The MITRE Corporation', 'address': 'REDACTED FOR PRIVACY', 'city': 'REDACTED FOR PRIVACY', 'state': 'MA', 'registrant_postal_code': 'REDACTED FOR PRIVACY', 'country': 'US'}, True)"
https://attack.mitre.org/versions/v13/techniques/T1021/004/,11,CSA_BLACKTECH_HIDE_IN_ROUTERS_TLP-CLEAR.PDF,hyperlink,mitre.org,True,True,True,200,text/html; charset=utf-8,"({'domain_name': 'mitre.org', 'registrar': 'Network Solutions, LLC', 'whois_server': 'whois.networksolutions.com', 'referral_url': None, 'updated_date': datetime.datetime(2023, 9, 26, 18, 1, 11), 'creation_date': datetime.datetime(1985, 7, 10, 4, 0), 'expiration_date': datetime.datetime(2024, 7, 9, 4, 0), 'name_servers': ['dns-ext-bedford.mitre.org', 'dns-ext-mclean.mitre.org'], 'status': 'clientTransferProhibited https://icann.org/epp#clientTransferProhibited', 'emails': 'domain.operations@web.com', 'dnssec': 'signedDelegation', 'name': 'REDACTED FOR PRIVACY', 'org': 'The MITRE Corporation', 'address': 'REDACTED FOR PRIVACY', 'city': 'REDACTED FOR PRIVACY', 'state': 'MA', 'registrant_postal_code': 'REDACTED FOR PRIVACY', 'country': 'US'}, True)"
https://attack.mitre.org/versions/v13/tactics/TA0011/,11,CSA_BLACKTECH_HIDE_IN_ROUTERS_TLP-CLEAR.PDF,hyperlink,mitre.org,True,True,True,200,text/html; charset=utf-8,"({'domain_name': 'mitre.org', 'registrar': 'Network Solutions, LLC', 'whois_server': 'whois.networksolutions.com', 'referral_url': None, 'updated_date': datetime.datetime(2023, 9, 26, 18, 1, 11), 'creation_date': datetime.datetime(1985, 7, 10, 4, 0), 'expiration_date': datetime.datetime(2024, 7, 9, 4, 0), 'name_servers': ['dns-ext-bedford.mitre.org', 'dns-ext-mclean.mitre.org'], 'status': 'clientTransferProhibited https://icann.org/epp#clientTransferProhibited', 'emails': 'domain.operations@web.com', 'dnssec': 'signedDelegation', 'name': 'REDACTED FOR PRIVACY', 'org': 'The MITRE Corporation', 'address': 'REDACTED FOR PRIVACY', 'city': 'REDACTED FOR PRIVACY', 'state': 'MA', 'registrant_postal_code': 'REDACTED FOR PRIVACY', 'country': 'US'}, True)"
https://attack.mitre.org/versions/v13/techniques/T1071/002/,11,CSA_BLACKTECH_HIDE_IN_ROUTERS_TLP-CLEAR.PDF,hyperlink,mitre.org,True,True,True,200,text/html; charset=utf-8,"({'domain_name': 'mitre.org', 'registrar': 'Network Solutions, LLC', 'whois_server': 'whois.networksolutions.com', 'referral_url': None, 'updated_date': datetime.datetime(2023, 9, 26, 18, 1, 11), 'creation_date': datetime.datetime(1985, 7, 10, 4, 0), 'expiration_date': datetime.datetime(2024, 7, 9, 4, 0), 'name_servers': ['dns-ext-bedford.mitre.org', 'dns-ext-mclean.mitre.org'], 'status': 'clientTransferProhibited https://icann.org/epp#clientTransferProhibited', 'emails': 'domain.operations@web.com', 'dnssec': 'signedDelegation', 'name': 'REDACTED FOR PRIVACY', 'org': 'The MITRE Corporation', 'address': 'REDACTED FOR PRIVACY', 'city': 'REDACTED FOR PRIVACY', 'state': 'MA', 'registrant_postal_code': 'REDACTED FOR PRIVACY', 'country': 'US'}, True)"
https://attack.mitre.org/versions/v13/techniques/T1090/,11,CSA_BLACKTECH_HIDE_IN_ROUTERS_TLP-CLEAR.PDF,hyperlink,mitre.org,True,True,True,200,text/html; charset=utf-8,"({'domain_name': 'mitre.org', 'registrar': 'Network Solutions, LLC', 'whois_server': 'whois.networksolutions.com', 'referral_url': None, 'updated_date': datetime.datetime(2023, 9, 26, 18, 1, 11), 'creation_date': datetime.datetime(1985, 7, 10, 4, 0), 'expiration_date': datetime.datetime(2024, 7, 9, 4, 0), 'name_servers': ['dns-ext-bedford.mitre.org', 'dns-ext-mclean.mitre.org'], 'status': 'clientTransferProhibited https://icann.org/epp#clientTransferProhibited', 'emails': 'domain.operations@web.com', 'dnssec': 'signedDelegation', 'name': 'REDACTED FOR PRIVACY', 'org': 'The MITRE Corporation', 'address': 'REDACTED FOR PRIVACY', 'city': 'REDACTED FOR PRIVACY', 'state': 'MA', 'registrant_postal_code': 'REDACTED FOR PRIVACY', 'country': 'US'}, True)"
